Depth,GR,AC,DEN,RT,SP,Lithology_Label
1000.0,59.51,191.35,2.469,17.84,-11.16,0
1000.05,57.35,198.34,2.475,22.24,-10.74,0
1000.1,61.2,205.83,2.534,21.58,-10.27,0
1000.15,61.81,201.78,2.535,20.57,-9.94,0
1000.2,61.97,205.47,2.514,18.39,-12.03,0
1000.25,66.35,199.53,2.501,22.23,-9.74,0
1000.3,60.43,203.06,2.496,20.24,-10.31,0
1000.35,60.54,200.95,2.496,19.13,-10.37,0
1000.4,61.98,198.04,2.508,22.77,-10.36,0
1000.45,68.1,201.5,2.512,18.23,-9.38,0
1000.5,65.22,204.09,2.466,19.13,-8.13,0
1000.55,65.67,201.21,2.504,22.15,-9.18,0
1000.6,55.91,200.69,2.526,20.4,-11.06,0
1000.65,66.13,207.51,2.497,15.42,-10.0,0
1000.7,63.66,206.48,2.506,19.29,-9.91,0
1000.75,59.64,198.66,2.48,22.73,-10.36,0
1000.8,57.43,204.88,2.506,22.92,-8.12,0
1000.85,61.77,193.68,2.485,19.42,-10.83,0
1000.9,83.93,223.06,2.39,12.22,-13.13,2
1000.95,73.91,213.71,2.378,13.17,-12.42,2
1001.0,80.71,221.11,2.399,16.12,-14.34,2
1001.05,83.61,219.76,2.396,16.2,-11.79,2
1001.1,76.73,221.39,2.416,17.57,-14.1,2
1001.15,77.64,215.34,2.41,14.68,-13.5,2
1001.2,77.04,222.09,2.39,18.37,-15.97,2
1001.25,85.15,220.84,2.36,13.47,-14.52,2
1001.3,79.49,213.12,2.382,15.06,-15.56,2
1001.35,76.13,219.15,2.402,10.43,-14.78,2
1001.4,80.25,225.26,2.415,15.87,-14.08,2
1001.45,86.06,221.09,2.431,17.95,-15.6,2
1001.5,79.05,213.99,2.417,16.63,-13.65,2
1001.55,78.68,222.99,2.381,18.95,-14.78,2
1001.6,79.67,219.94,2.376,13.47,-13.58,2
1001.65,83.97,223.39,2.412,13.57,-13.56,2
1001.7,80.73,220.5,2.393,16.55,-15.28,2
1001.75,76.66,225.51,2.397,13.35,-14.59,2
1001.8,79.78,223.39,2.426,15.56,-12.57,2
1001.85,72.03,219.11,2.44,17.29,-14.15,2
1001.9,83.09,217.63,2.438,15.88,-15.07,2
1001.95,77.16,222.88,2.419,12.71,-14.66,2
1002.0,76.27,220.22,2.387,20.62,-14.51,2
1002.05,78.03,223.06,2.421,14.51,-13.88,2
1002.1,90.07,232.83,2.348,16.68,-18.21,3
1002.15,86.5,233.98,2.344,14.03,-15.9,3
1002.2,88.79,234.42,2.386,11.77,-16.84,3
1002.25,84.99,228.14,2.318,16.34,-16.17,3
1002.3,86.11,235.82,2.362,14.18,-17.17,3
1002.35,88.24,235.11,2.338,11.67,-16.84,3
1002.4,90.12,231.97,2.396,16.13,-16.91,3
1002.45,93.26,230.96,2.346,12.76,-15.39,3
1002.5,91.38,230.28,2.346,10.12,-15.51,3
1002.55,89.84,224.78,2.348,12.12,-16.48,3
1002.6,90.19,231.2,2.332,12.28,-14.68,3
1002.65,86.79,235.97,2.357,17.56,-17.25,3
1002.7,92.08,230.7,2.351,14.6,-14.52,3
1002.75,94.53,234.81,2.362,16.88,-15.04,3
1002.8,120.2,261.01,2.21,9.12,-21.71,6
1002.85,121.29,255.79,2.243,8.32,-23.23,6
1002.9,121.18,262.92,2.188,10.2,-21.99,6
1002.95,119.56,264.64,2.21,10.23,-21.74,6
1003.0,117.36,261.3,2.217,8.04,-20.98,6
1003.05,113.95,260.75,2.218,8.7,-22.06,6
1003.1,117.86,266.61,2.231,13.1,-21.49,6
1003.15,114.7,256.43,2.222,7.56,-22.49,6
1003.2,112.67,265.14,2.199,5.91,-21.47,6
1003.25,122.86,263.43,2.192,9.38,-21.59,6
1003.3,123.39,259.47,2.213,10.43,-20.44,6
1003.35,115.06,259.56,2.22,11.07,-21.9,6
1003.4,119.19,256.44,2.21,8.14,-21.68,6
1003.45,119.86,258.94,2.169,8.17,-22.41,6
1003.5,121.96,263.1,2.195,6.46,-21.78,6
1003.55,118.67,260.25,2.197,10.19,-22.43,6
1003.6,120.45,259.11,2.194,7.35,-23.15,6
1003.65,120.2,261.52,2.196,8.67,-22.94,6
1003.7,121.36,258.26,2.228,9.03,-21.9,6
1003.75,119.73,258.32,2.214,12.26,-20.87,6
1003.8,121.78,257.96,2.208,9.49,-22.35,6
1003.85,122.16,258.87,2.222,9.55,-21.07,6
1003.9,116.25,254.39,2.236,7.61,-23.11,6
1003.95,115.01,264.82,2.189,10.23,-21.91,6
1004.0,117.43,257.54,2.185,6.29,-20.22,6
1004.05,124.3,263.77,2.197,6.74,-22.09,6
1004.1,113.12,257.32,2.225,11.53,-21.62,6
1004.15,119.11,257.56,2.176,12.36,-22.62,6
1004.2,118.68,259.99,2.146,4.03,-19.89,6
1004.25,121.67,256.85,2.179,5.43,-22.29,6
1004.3,120.03,260.35,2.215,11.16,-22.89,6
1004.35,111.59,261.75,2.183,7.65,-21.86,6
1004.4,121.12,261.44,2.177,9.08,-22.38,6
1004.45,120.06,261.59,2.209,8.33,-21.95,6
1004.5,128.04,262.64,2.219,4.54,-23.38,6
1004.55,116.26,260.07,2.159,6.48,-22.13,6
1004.6,117.58,262.78,2.227,6.2,-21.9,6
1004.65,123.79,261.13,2.192,8.97,-22.55,6
1004.7,122.74,261.92,2.154,10.46,-21.41,6
1004.75,122.5,263.21,2.175,11.1,-22.17,6
1004.8,121.81,265.89,2.221,7.19,-22.48,6
1004.85,119.04,260.65,2.208,7.62,-22.56,6
1004.9,117.63,262.44,2.261,9.47,-20.33,6
1004.95,122.97,262.51,2.174,6.84,-22.99,6
1005.0,120.89,262.81,2.193,8.22,-22.93,6
1005.05,102.54,238.23,2.326,17.74,-19.79,4
1005.1,99.05,242.93,2.301,12.77,-16.97,4
1005.15,102.95,238.65,2.338,9.3,-19.73,4
1005.2,97.99,233.92,2.313,9.34,-17.46,4
1005.25,98.45,246.08,2.339,15.17,-15.75,4
1005.3,99.15,236.36,2.281,13.09,-18.36,4
1005.35,97.9,241.29,2.332,15.14,-18.89,4
1005.4,104.23,239.49,2.303,14.45,-18.17,4
1005.45,100.93,244.44,2.304,10.92,-19.24,4
1005.5,103.62,242.85,2.285,15.31,-16.11,4
1005.55,96.3,239.89,2.303,10.27,-17.52,4
1005.6,99.17,239.87,2.29,10.83,-18.28,4
1005.65,95.07,236.95,2.3,11.3,-15.04,4
1005.7,97.98,242.05,2.351,8.08,-17.61,4
1005.75,102.32,232.8,2.292,10.6,-18.6,4
1005.8,98.83,241.22,2.296,11.74,-18.14,4
1005.85,107.47,242.28,2.306,13.53,-17.47,4
1005.9,100.83,237.54,2.33,11.32,-17.31,4
1005.95,96.69,245.39,2.285,12.92,-18.0,4
1006.0,100.19,237.32,2.309,15.22,-18.95,4
1006.05,100.88,236.26,2.312,12.92,-18.59,4
1006.1,107.29,235.29,2.278,10.09,-17.36,4
1006.15,96.0,243.23,2.336,12.18,-17.07,4
1006.2,100.43,242.09,2.3,9.24,-18.65,4
1006.25,103.1,240.57,2.313,10.53,-17.49,4
1006.3,95.88,238.64,2.34,11.36,-17.46,4
1006.35,97.75,239.38,2.314,13.03,-19.39,4
1006.4,103.62,233.23,2.276,9.46,-18.0,4
1006.45,94.44,244.05,2.328,12.86,-18.43,4
1006.5,99.31,241.54,2.272,9.64,-17.81,4
1006.55,97.91,243.03,2.316,15.3,-18.51,4
1006.6,102.43,242.28,2.328,13.33,-17.5,4
1006.65,98.13,238.8,2.286,11.03,-18.92,4
1006.7,96.65,235.66,2.287,10.72,-17.51,4
1006.75,100.52,234.35,2.315,12.02,-17.61,4
1006.8,97.27,244.19,2.292,12.46,-18.17,4
1006.85,101.8,243.36,2.308,11.59,-16.89,4
1006.9,96.7,244.93,2.266,14.57,-17.53,4
1006.95,99.81,244.97,2.319,6.25,-15.81,4
1007.0,100.34,241.54,2.318,8.87,-17.16,4
1007.05,97.31,237.53,2.291,13.91,-19.66,4
1007.1,96.39,236.76,2.302,11.05,-17.46,4
1007.15,95.9,246.23,2.287,9.96,-18.86,4
1007.2,99.67,239.9,2.315,13.08,-18.82,4
1007.25,100.75,243.26,2.263,12.05,-17.24,4
1007.3,104.84,236.5,2.266,13.31,-18.03,4
1007.35,101.48,240.26,2.268,12.84,-17.8,4
1007.4,101.43,238.27,2.292,15.89,-18.9,4
1007.45,80.29,223.87,2.391,14.61,-13.87,2
1007.5,81.39,214.68,2.436,19.47,-12.85,2
1007.55,79.99,215.16,2.376,14.29,-13.48,2
1007.6,81.23,222.28,2.415,15.4,-14.19,2
1007.65,77.98,224.71,2.395,15.23,-12.79,2
1007.7,83.03,215.45,2.428,14.56,-12.82,2
1007.75,77.83,216.21,2.406,15.41,-13.66,2
1007.8,80.08,222.36,2.414,15.13,-14.5,2
1007.85,80.39,217.98,2.385,15.91,-13.35,2
1007.9,81.15,222.42,2.377,12.76,-15.19,2
1007.95,75.57,220.49,2.397,15.2,-13.81,2
1008.0,81.14,219.84,2.394,14.46,-12.39,2
1008.05,82.87,213.01,2.412,15.76,-14.67,2
1008.1,89.54,228.73,2.362,15.23,-17.21,3
1008.15,87.06,232.37,2.336,13.5,-16.63,3
1008.2,91.28,231.78,2.35,12.57,-16.07,3
1008.25,83.82,231.95,2.332,17.29,-17.31,3
1008.3,95.02,233.93,2.302,11.94,-14.39,3
1008.35,88.48,228.79,2.381,14.99,-16.8,3
1008.4,83.09,223.11,2.327,13.43,-16.18,3
1008.45,84.97,220.78,2.355,14.1,-16.29,3
1008.5,94.35,234.5,2.332,11.13,-17.18,3
1008.55,85.11,235.14,2.343,12.08,-14.65,3
1008.6,92.09,231.8,2.355,16.21,-15.76,3
1008.65,92.36,233.51,2.331,16.94,-15.91,3
1008.7,86.83,232.57,2.313,11.87,-15.36,3
1008.75,87.37,234.11,2.33,13.18,-15.85,3
1008.8,92.34,232.07,2.319,8.53,-17.37,3
1008.85,89.37,234.53,2.358,12.88,-14.69,3
1008.9,95.71,231.38,2.339,12.65,-16.09,3
1008.95,90.95,230.19,2.365,15.0,-15.92,3
1009.0,92.75,223.37,2.341,12.78,-17.42,3
1009.05,88.47,228.82,2.343,13.37,-15.65,3
1009.1,90.75,233.6,2.339,13.46,-15.34,3
1009.15,86.17,233.15,2.303,14.55,-17.37,3
1009.2,88.49,229.37,2.354,13.5,-15.79,3
1009.25,96.78,227.91,2.346,14.42,-16.94,3
1009.3,87.53,230.98,2.335,11.87,-17.0,3
1009.35,86.81,226.51,2.357,12.18,-15.61,3
1009.4,92.94,227.92,2.349,13.86,-17.37,3
1009.45,92.96,230.06,2.313,15.11,-15.85,3
1009.5,88.42,228.35,2.356,18.32,-16.04,3
1009.55,88.73,232.18,2.379,13.66,-16.88,3
1009.6,86.06,231.52,2.337,14.34,-14.86,3
1009.65,91.8,232.02,2.351,12.75,-15.7,3
1009.7,89.25,234.16,2.344,14.67,-16.01,3
1009.75,86.1,229.13,2.338,11.27,-17.31,3
1009.8,89.67,229.39,2.336,11.23,-15.34,3
1009.85,90.54,235.25,2.364,14.73,-15.45,3
1009.9,103.32,241.18,2.298,14.18,-18.8,4
1009.95,99.68,236.23,2.306,11.7,-19.58,4
1010.0,97.22,245.22,2.304,13.55,-18.03,4
1010.05,98.96,242.98,2.287,13.74,-17.82,4
1010.1,99.2,241.42,2.295,10.42,-17.54,4
1010.15,101.58,242.67,2.276,9.49,-19.52,4
1010.2,92.92,238.67,2.317,14.04,-18.32,4
1010.25,102.85,236.25,2.326,13.98,-18.05,4
1010.3,97.76,239.84,2.275,10.35,-17.58,4
1010.35,99.17,232.05,2.304,17.0,-17.42,4
1010.4,102.02,239.34,2.272,12.07,-18.24,4
1010.45,96.14,243.26,2.333,10.9,-17.48,4
1010.5,99.93,244.02,2.307,10.0,-17.22,4
1010.55,99.69,243.53,2.284,12.84,-18.42,4
1010.6,104.88,239.01,2.312,11.37,-18.05,4
1010.65,104.4,243.38,2.319,11.4,-18.01,4
1010.7,98.28,237.29,2.312,11.15,-17.94,4
1010.75,99.9,234.92,2.282,10.79,-18.79,4
1010.8,98.39,239.46,2.317,11.11,-17.27,4
1010.85,103.48,232.26,2.342,10.67,-18.69,4
1010.9,98.78,237.86,2.32,14.28,-17.74,4
1010.95,100.37,243.45,2.303,16.68,-18.5,4
1011.0,98.78,235.92,2.332,10.74,-17.59,4
1011.05,97.14,237.85,2.259,12.92,-17.28,4
1011.1,103.6,245.56,2.239,12.35,-17.53,4
1011.15,98.62,231.18,2.296,9.59,-18.9,4
1011.2,102.94,244.18,2.286,12.93,-17.25,4
1011.25,102.42,238.31,2.293,14.29,-15.44,4
1011.3,105.56,233.58,2.297,13.36,-19.14,4
1011.35,101.84,234.86,2.296,9.11,-17.63,4
1011.4,99.69,245.71,2.29,16.04,-17.85,4
1011.45,104.08,241.69,2.347,9.32,-17.5,4
1011.5,101.5,242.17,2.311,12.28,-17.83,4
1011.55,101.22,244.65,2.238,13.6,-18.79,4
1011.6,99.59,242.44,2.304,12.01,-18.18,4
1011.65,95.15,244.38,2.284,8.99,-17.18,4
1011.7,99.13,242.89,2.304,12.23,-19.68,4
1011.75,107.52,249.29,2.262,9.53,-20.78,5
1011.8,110.13,254.38,2.254,9.99,-19.18,5
1011.85,108.51,240.9,2.242,9.11,-20.95,5
1011.9,113.17,244.33,2.259,12.03,-18.02,5
1011.95,114.16,252.48,2.268,10.09,-17.77,5
1012.0,108.39,249.43,2.226,12.2,-18.89,5
1012.05,111.32,253.39,2.219,12.48,-19.95,5
1012.1,113.67,240.55,2.277,8.49,-17.77,5
1012.15,108.63,247.99,2.241,11.06,-18.99,5
1012.2,114.6,252.0,2.221,8.86,-18.3,5
1012.25,110.89,248.66,2.253,10.96,-20.38,5
1012.3,106.63,250.67,2.278,11.9,-21.31,5
1012.35,108.19,252.51,2.276,8.52,-20.25,5
1012.4,109.51,246.72,2.242,13.73,-21.55,5
1012.45,108.05,252.13,2.258,10.59,-19.33,5
1012.5,114.94,250.9,2.233,12.02,-18.18,5
1012.55,108.83,254.36,2.23,8.73,-21.97,5
1012.6,114.72,247.6,2.244,11.7,-19.86,5
1012.65,111.55,246.93,2.224,6.47,-18.07,5
1012.7,111.15,256.37,2.256,9.34,-18.33,5
1012.75,112.79,248.08,2.234,14.82,-19.88,5
1012.8,107.77,244.24,2.23,10.82,-21.45,5
1012.85,116.54,249.36,2.245,7.71,-18.94,5
1012.9,109.25,252.89,2.253,7.66,-20.91,5
1012.95,68.92,207.37,2.487,16.34,-11.4,1
1013.0,68.19,218.55,2.47,18.11,-12.72,1
1013.05,71.53,209.07,2.468,19.8,-12.2,1
1013.1,69.02,212.83,2.452,16.11,-13.33,1
1013.15,70.1,213.1,2.463,19.97,-13.0,1
1013.2,68.68,211.66,2.501,18.99,-11.35,1
1013.25,69.82,209.27,2.444,17.38,-11.65,1
1013.3,68.71,215.33,2.474,21.2,-10.94,1
1013.35,66.86,210.17,2.441,18.28,-12.36,1
1013.4,72.97,203.71,2.409,20.25,-12.52,1
1013.45,79.07,208.76,2.453,20.08,-12.08,1
1013.5,66.38,212.73,2.439,14.79,-12.96,1
1013.55,72.41,214.62,2.432,19.45,-11.8,1
1013.6,69.26,211.28,2.447,21.85,-12.85,1
1013.65,67.97,214.28,2.442,18.63,-13.38,1
1013.7,68.46,210.16,2.459,18.71,-13.92,1
1013.75,68.95,209.38,2.475,19.41,-13.59,1
1013.8,72.43,214.18,2.447,18.02,-12.54,1
1013.85,66.79,210.09,2.448,16.8,-12.7,1
1013.9,76.59,212.74,2.494,22.8,-13.15,1
1013.95,68.89,207.95,2.415,13.88,-13.41,1
1014.0,71.31,208.38,2.42,20.69,-12.26,1
1014.05,69.28,206.26,2.426,17.39,-10.55,1
1014.1,68.73,208.58,2.445,17.04,-11.59,1
1014.15,70.79,208.48,2.456,17.6,-10.51,1
1014.2,70.51,214.2,2.416,20.45,-9.9,1
1014.25,71.26,212.78,2.416,18.8,-11.57,1
1014.3,72.79,208.54,2.434,18.14,-11.77,1
1014.35,69.35,207.74,2.468,18.43,-11.22,1
1014.4,68.85,213.35,2.449,18.93,-10.22,1
1014.45,68.48,210.93,2.435,18.71,-9.92,1
1014.5,69.82,211.64,2.421,20.7,-11.95,1
1014.55,69.19,211.38,2.455,16.71,-12.85,1
1014.6,87.57,221.61,2.353,12.26,-13.37,3
1014.65,93.3,229.82,2.34,14.03,-16.01,3
1014.7,94.34,234.79,2.384,14.21,-17.27,3
1014.75,91.24,229.67,2.343,13.96,-17.5,3
1014.8,87.91,225.4,2.34,14.97,-15.72,3
1014.85,92.39,229.5,2.333,12.28,-16.17,3
1014.9,91.29,230.24,2.358,12.02,-14.34,3
1014.95,93.02,229.31,2.368,13.23,-16.51,3
1015.0,88.51,228.54,2.339,14.81,-15.86,3
1015.05,87.71,224.4,2.348,15.59,-14.91,3
1015.1,87.96,242.75,2.349,15.58,-15.0,3
1015.15,85.84,225.86,2.364,16.74,-14.68,3
1015.2,94.09,227.08,2.34,14.29,-16.25,3
1015.25,91.08,229.56,2.326,13.93,-14.23,3
1015.3,95.94,233.52,2.355,14.51,-15.93,3
1015.35,89.45,231.5,2.373,15.24,-16.46,3
1015.4,87.07,223.91,2.323,15.81,-16.08,3
1015.45,89.13,223.52,2.313,11.78,-16.07,3
1015.5,92.19,238.08,2.352,12.65,-15.71,3
1015.55,89.05,232.11,2.342,13.19,-15.58,3
1015.6,88.08,237.39,2.379,13.04,-15.57,3
1015.65,88.71,229.67,2.337,16.31,-14.81,3
1015.7,84.44,235.09,2.388,14.88,-15.32,3
1015.75,88.11,226.23,2.306,11.6,-16.95,3
1015.8,92.83,229.39,2.331,12.08,-15.42,3
1015.85,97.85,239.6,2.28,14.63,-19.22,4
1015.9,98.91,238.07,2.311,13.27,-17.3,4
1015.95,100.02,239.26,2.3,11.54,-17.71,4
1016.0,101.09,234.61,2.264,11.16,-17.19,4
1016.05,103.1,249.13,2.29,12.46,-17.26,4
1016.1,95.13,237.14,2.303,12.79,-17.09,4
1016.15,103.2,233.61,2.269,12.62,-16.42,4
1016.2,95.0,239.68,2.313,13.72,-17.44,4
1016.25,104.74,245.99,2.29,8.1,-17.19,4
1016.3,101.61,238.48,2.325,13.25,-18.13,4
1016.35,95.4,240.85,2.319,11.0,-19.23,4
1016.4,104.12,235.39,2.276,13.84,-18.45,4
1016.45,100.02,236.15,2.302,13.78,-17.01,4
1016.5,96.78,241.44,2.316,15.14,-18.4,4
1016.55,101.03,243.85,2.321,15.16,-17.92,4
1016.6,99.12,241.27,2.314,13.7,-18.92,4
1016.65,100.93,241.68,2.298,10.91,-18.75,4
1016.7,97.65,241.01,2.294,13.95,-18.44,4
1016.75,96.36,244.5,2.282,12.77,-17.82,4
1016.8,96.25,232.76,2.306,14.7,-17.94,4
1016.85,96.94,238.29,2.286,9.73,-18.57,4
1016.9,99.95,241.38,2.295,13.57,-16.47,4
1016.95,97.8,245.52,2.276,11.11,-18.78,4
1017.0,100.74,242.67,2.331,9.83,-17.75,4
1017.05,100.1,243.65,2.324,13.37,-17.06,4
1017.1,99.34,235.46,2.323,12.14,-18.19,4
1017.15,101.33,238.6,2.313,12.0,-19.32,4
1017.2,102.1,246.64,2.35,9.13,-17.44,4
1017.25,98.08,239.43,2.26,9.87,-17.4,4
1017.3,97.2,239.28,2.313,12.78,-18.45,4
1017.35,100.8,241.25,2.326,12.82,-18.72,4
1017.4,98.44,238.63,2.321,10.49,-18.52,4
1017.45,104.24,242.72,2.305,14.05,-18.72,4
1017.5,98.09,241.97,2.295,13.28,-18.1,4
1017.55,102.28,242.53,2.276,13.89,-14.73,4
1017.6,100.06,242.95,2.303,13.14,-17.06,4
1017.65,98.19,242.42,2.295,14.38,-19.45,4
1017.7,100.92,238.69,2.296,12.21,-19.44,4
1017.75,101.22,239.43,2.292,12.07,-20.2,4
1017.8,103.16,233.89,2.317,13.25,-18.64,4
1017.85,99.38,244.81,2.306,11.82,-18.87,4
1017.9,104.23,238.44,2.325,14.12,-16.76,4
1017.95,95.43,237.27,2.311,12.58,-19.56,4
1018.0,99.31,243.84,2.276,9.59,-18.12,4
1018.05,101.39,241.82,2.27,13.13,-18.16,4
1018.1,102.73,242.52,2.338,14.46,-16.98,4
1018.15,96.25,241.81,2.284,10.07,-18.45,4
1018.2,104.54,241.68,2.31,13.82,-18.81,4
1018.25,95.18,241.98,2.307,11.19,-19.22,4
1018.3,99.95,238.31,2.31,14.86,-17.49,4
1018.35,100.14,238.14,2.292,11.07,-18.37,4
1018.4,101.14,236.56,2.313,12.95,-18.14,4
1018.45,103.48,240.6,2.288,11.16,-19.1,4
1018.5,96.78,240.33,2.279,15.15,-18.63,4
1018.55,101.92,242.18,2.306,10.66,-17.09,4
1018.6,126.35,254.24,2.194,12.26,-23.57,6
1018.65,119.24,266.3,2.234,6.95,-20.96,6
1018.7,116.08,263.41,2.193,5.72,-21.47,6
1018.75,118.52,256.95,2.206,6.3,-22.19,6
1018.8,116.77,259.98,2.192,8.05,-21.77,6
1018.85,124.56,257.13,2.19,8.28,-20.5,6
1018.9,115.98,259.44,2.199,8.86,-21.76,6
1018.95,119.92,259.2,2.166,6.21,-22.34,6
1019.0,125.08,263.29,2.208,4.85,-21.86,6
1019.05,121.94,263.17,2.198,6.0,-22.72,6
1019.1,114.21,253.9,2.178,8.88,-22.38,6
1019.15,120.36,264.23,2.189,12.03,-22.31,6
1019.2,118.91,256.59,2.171,9.65,-22.28,6
1019.25,121.59,259.47,2.197,10.92,-20.16,6
1019.3,78.85,217.36,2.367,15.12,-15.69,2
1019.35,84.45,225.83,2.404,14.62,-14.86,2
1019.4,76.17,224.82,2.393,20.21,-15.01,2
1019.45,77.93,215.99,2.38,13.17,-12.14,2
1019.5,85.39,224.37,2.406,15.87,-14.79,2
1019.55,86.68,219.59,2.409,16.26,-11.9,2
1019.6,81.07,228.07,2.432,17.04,-13.52,2
1019.65,80.82,221.03,2.419,15.74,-12.54,2
1019.7,79.97,216.1,2.383,19.75,-13.53,2
1019.75,82.02,221.37,2.384,14.4,-14.76,2
1019.8,85.37,215.36,2.415,12.96,-13.11,2
1019.85,86.08,223.22,2.402,14.95,-12.88,2
1019.9,77.17,225.03,2.398,15.24,-12.86,2
1019.95,81.03,222.05,2.411,17.87,-15.26,2
1020.0,77.63,222.44,2.384,15.59,-13.12,2
1020.05,81.34,227.48,2.421,15.74,-12.79,2
1020.1,77.78,220.93,2.385,14.19,-14.96,2
1020.15,82.62,216.14,2.375,15.0,-13.82,2
1020.2,80.41,221.05,2.367,15.82,-13.28,2
1020.25,78.08,216.18,2.408,16.63,-13.22,2
1020.3,80.95,213.17,2.399,17.56,-13.44,2
1020.35,77.84,218.56,2.4,15.06,-13.19,2
1020.4,81.31,220.5,2.385,15.62,-14.65,2
1020.45,73.67,217.07,2.406,17.48,-14.03,2
1020.5,89.11,219.56,2.41,13.66,-12.71,2
1020.55,83.41,219.56,2.413,17.47,-13.62,2
1020.6,78.05,220.47,2.378,15.5,-13.1,2
1020.65,82.21,218.0,2.396,14.89,-13.85,2
1020.7,82.66,220.59,2.417,17.55,-14.46,2
1020.75,82.23,220.68,2.416,15.09,-12.5,2
1020.8,86.33,225.19,2.382,14.91,-10.99,2
1020.85,83.15,217.91,2.413,18.48,-14.04,2
1020.9,77.75,221.86,2.4,17.84,-14.46,2
1020.95,83.38,218.88,2.39,18.99,-14.33,2
1021.0,77.85,217.13,2.399,15.81,-13.72,2
1021.05,78.77,214.74,2.41,17.36,-14.52,2
1021.1,76.14,218.14,2.369,15.85,-13.22,2
1021.15,76.77,219.23,2.388,18.09,-14.45,2
1021.2,75.42,218.29,2.407,14.89,-16.46,2
1021.25,81.95,226.63,2.401,15.0,-13.44,2
1021.3,80.74,211.54,2.407,15.79,-15.5,2
1021.35,75.05,217.15,2.399,18.38,-13.06,2
1021.4,77.64,218.56,2.447,19.68,-12.95,2
1021.45,108.26,249.02,2.212,9.78,-20.09,5
1021.5,108.86,250.65,2.203,10.59,-17.77,5
1021.55,107.18,252.9,2.256,9.61,-18.7,5
1021.6,113.1,250.22,2.216,11.91,-18.37,5
1021.65,111.58,254.14,2.256,13.28,-19.23,5
1021.7,110.08,249.24,2.233,12.04,-20.61,5
1021.75,110.69,248.61,2.262,7.69,-20.68,5
1021.8,107.23,248.58,2.243,7.34,-20.76,5
1021.85,110.01,250.33,2.289,8.71,-18.76,5
1021.9,107.36,246.5,2.26,12.07,-21.66,5
1021.95,109.46,245.82,2.254,11.73,-18.63,5
1022.0,111.13,251.71,2.255,12.86,-20.82,5
1022.05,111.59,250.58,2.243,9.94,-19.35,5
1022.1,111.06,251.98,2.251,10.36,-18.63,5
1022.15,111.43,245.41,2.262,6.06,-20.08,5
1022.2,109.31,251.9,2.19,13.36,-20.3,5
1022.25,113.12,246.82,2.291,10.77,-19.17,5
1022.3,112.01,242.87,2.224,8.43,-20.91,5
1022.35,106.64,251.95,2.254,12.3,-19.38,5
1022.4,109.09,248.42,2.259,11.84,-21.74,5
1022.45,108.41,246.74,2.268,12.76,-19.35,5
1022.5,104.08,241.99,2.263,11.61,-20.12,5
1022.55,108.54,256.67,2.241,6.96,-18.74,5
1022.6,109.85,251.74,2.249,11.15,-19.85,5
1022.65,108.65,249.18,2.274,11.03,-19.77,5
1022.7,109.2,240.21,2.285,9.69,-19.86,5
1022.75,112.15,245.89,2.26,7.92,-19.53,5
1022.8,109.99,247.73,2.267,6.21,-20.05,5
1022.85,111.54,247.68,2.233,10.25,-20.45,5
1022.9,107.42,255.68,2.27,8.24,-20.37,5
1022.95,107.25,245.65,2.255,10.96,-18.31,5
1023.0,109.09,244.95,2.289,12.2,-21.31,5
1023.05,111.46,241.45,2.2,8.81,-22.4,5
1023.1,107.83,252.07,2.239,7.71,-20.92,5
1023.15,106.9,253.18,2.241,8.7,-20.0,5
1023.2,111.43,246.66,2.299,11.86,-19.36,5
1023.25,103.74,259.59,2.234,11.07,-21.62,5
1023.3,107.06,251.95,2.24,6.86,-19.01,5
1023.35,111.67,251.37,2.241,10.14,-19.52,5
1023.4,101.85,252.89,2.202,10.98,-20.04,5
1023.45,110.56,254.8,2.277,8.94,-19.13,5
1023.5,107.88,252.16,2.279,8.64,-20.11,5
1023.55,112.91,247.73,2.258,11.54,-20.97,5
1023.6,113.08,253.69,2.225,10.24,-21.51,5
1023.65,110.72,251.89,2.223,9.55,-18.81,5
1023.7,107.05,247.82,2.22,15.39,-18.1,5
1023.75,109.24,248.66,2.245,10.2,-19.18,5
1023.8,110.3,252.08,2.255,9.67,-20.05,5
1023.85,110.59,249.7,2.264,6.52,-19.71,5
1023.9,111.16,241.86,2.246,7.75,-19.37,5
1023.95,104.01,254.13,2.24,9.67,-18.86,5
1024.0,114.53,245.91,2.238,11.49,-17.83,5
1024.05,109.77,245.88,2.252,8.14,-17.69,5
1024.1,106.65,240.93,2.25,9.36,-21.38,5
1024.15,110.71,255.89,2.254,8.42,-19.54,5
1024.2,109.31,252.92,2.258,10.74,-18.02,5
1024.25,109.37,258.18,2.26,8.64,-19.13,5
1024.3,109.27,255.91,2.271,11.7,-18.28,5
1024.35,111.84,244.17,2.272,10.51,-16.83,5
1024.4,108.29,250.64,2.26,6.76,-19.94,5
1024.45,123.75,252.81,2.191,8.15,-21.25,6
1024.5,119.69,260.29,2.188,8.49,-22.75,6
1024.55,120.94,258.07,2.174,7.44,-21.88,6
1024.6,116.39,261.74,2.22,6.64,-22.76,6
1024.65,122.44,258.74,2.2,9.18,-20.81,6
1024.7,120.54,260.68,2.189,10.99,-22.85,6
1024.75,120.82,258.02,2.193,8.96,-24.05,6
1024.8,119.32,254.63,2.223,7.52,-23.05,6
1024.85,118.15,257.84,2.184,9.31,-22.44,6
1024.9,125.26,252.4,2.202,5.78,-22.06,6
1024.95,119.69,257.65,2.183,11.27,-21.92,6
1025.0,115.54,252.63,2.189,10.57,-20.44,6
1025.05,123.38,264.02,2.18,7.8,-22.73,6
1025.1,119.28,253.96,2.172,9.94,-20.32,6
1025.15,117.21,261.01,2.202,8.6,-21.8,6
1025.2,118.8,257.76,2.219,7.33,-23.62,6
1025.25,119.91,265.13,2.166,7.33,-21.5,6
1025.3,117.05,266.64,2.22,9.25,-21.65,6
1025.35,122.75,254.61,2.223,8.96,-23.84,6
1025.4,114.82,261.59,2.188,6.42,-21.61,6
1025.45,125.9,253.18,2.207,5.9,-20.85,6
1025.5,118.89,257.71,2.179,10.77,-21.95,6
1025.55,119.99,260.05,2.195,8.46,-21.83,6
1025.6,114.24,261.83,2.223,9.22,-20.97,6
1025.65,121.86,260.76,2.2,6.04,-22.88,6
1025.7,124.63,259.63,2.186,9.42,-23.14,6
1025.75,120.92,264.65,2.189,9.62,-21.36,6
1025.8,117.5,255.48,2.203,8.21,-22.53,6
1025.85,120.41,255.13,2.198,10.71,-21.25,6
1025.9,120.63,258.29,2.211,5.46,-24.07,6
1025.95,76.93,225.01,2.423,15.49,-14.49,2
1026.0,76.78,222.77,2.434,14.11,-12.85,2
1026.05,79.26,216.1,2.373,18.94,-14.26,2
1026.1,87.0,215.52,2.404,11.72,-14.62,2
1026.15,76.21,215.49,2.403,14.69,-13.71,2
1026.2,76.03,215.31,2.405,16.0,-14.65,2
1026.25,79.54,221.1,2.408,14.21,-14.91,2
1026.3,84.96,216.14,2.382,13.85,-14.62,2
1026.35,80.25,232.28,2.387,18.82,-11.91,2
1026.4,76.87,221.01,2.398,16.72,-15.08,2
1026.45,83.23,217.96,2.42,15.02,-14.61,2
1026.5,80.49,224.82,2.421,14.55,-11.17,2
1026.55,83.86,222.64,2.368,16.7,-11.77,2
1026.6,72.7,229.68,2.391,16.33,-14.97,2
1026.65,84.53,216.95,2.427,14.69,-13.44,2
1026.7,79.64,224.26,2.412,20.05,-13.87,2
1026.75,77.38,225.1,2.395,16.85,-14.4,2
1026.8,80.6,221.92,2.397,13.95,-14.59,2
1026.85,77.86,223.38,2.42,15.38,-14.17,2
1026.9,76.88,221.99,2.415,16.42,-13.28,2
1026.95,82.29,223.72,2.385,14.79,-13.61,2
1027.0,81.25,216.65,2.359,19.05,-15.13,2
1027.05,79.27,224.99,2.394,16.78,-13.37,2
1027.1,78.03,218.86,2.389,18.98,-14.51,2
1027.15,76.21,220.65,2.394,17.59,-13.87,2
1027.2,78.37,218.34,2.414,18.66,-14.18,2
1027.25,82.2,221.89,2.387,15.57,-13.94,2
1027.3,82.09,223.83,2.385,16.5,-14.0,2
1027.35,78.8,222.26,2.376,13.63,-13.16,2
1027.4,84.68,219.58,2.391,14.88,-12.83,2
1027.45,81.07,226.15,2.391,17.72,-12.26,2
1027.5,100.52,236.65,2.275,9.94,-16.46,4
1027.55,97.78,233.09,2.284,11.63,-17.02,4
1027.6,97.65,235.97,2.277,14.42,-18.68,4
1027.65,101.91,240.49,2.298,10.31,-20.28,4
1027.7,98.48,235.58,2.293,12.33,-19.15,4
1027.75,100.33,243.79,2.295,15.03,-16.86,4
1027.8,98.74,242.29,2.315,10.16,-15.95,4
1027.85,100.95,242.91,2.316,12.0,-18.65,4
1027.9,100.36,241.07,2.296,12.27,-18.34,4
1027.95,105.29,240.55,2.301,11.66,-17.73,4
1028.0,99.95,237.49,2.308,12.03,-19.96,4
1028.05,100.34,239.03,2.292,13.12,-17.05,4
1028.1,96.44,239.64,2.31,13.3,-18.77,4
1028.15,102.22,237.92,2.301,10.11,-16.69,4
1028.2,96.42,230.12,2.29,14.46,-18.34,4
1028.25,102.19,243.38,2.3,11.91,-17.53,4
1028.3,100.52,247.38,2.326,10.61,-17.98,4
1028.35,102.04,239.19,2.259,10.79,-17.24,4
1028.4,101.16,238.14,2.275,11.81,-18.64,4
1028.45,111.47,254.45,2.269,9.96,-20.13,5
1028.5,111.01,253.06,2.284,10.34,-21.6,5
1028.55,111.43,252.28,2.246,9.17,-21.03,5
1028.6,109.48,253.98,2.24,12.56,-17.54,5
1028.65,109.71,254.76,2.278,7.57,-21.25,5
1028.7,106.09,248.51,2.24,12.44,-20.2,5
1028.75,112.77,249.52,2.257,12.71,-20.32,5
1028.8,107.75,246.68,2.22,8.73,-21.07,5
1028.85,108.84,252.49,2.276,9.61,-20.07,5
1028.9,112.2,254.48,2.256,8.34,-19.16,5
1028.95,109.11,253.29,2.274,12.75,-20.02,5
1029.0,111.13,253.37,2.253,10.59,-20.23,5
1029.05,94.79,227.3,2.334,14.17,-16.82,3
1029.1,95.54,226.06,2.36,15.51,-16.69,3
1029.15,90.39,227.72,2.33,12.73,-17.42,3
1029.2,94.34,236.19,2.343,17.29,-18.79,3
1029.25,91.74,233.13,2.345,15.49,-15.41,3
1029.3,89.65,226.43,2.378,16.45,-15.77,3
1029.35,89.99,233.93,2.336,14.75,-15.06,3
1029.4,88.29,227.64,2.335,12.8,-16.28,3
1029.45,88.42,230.18,2.328,15.79,-16.19,3
1029.5,85.64,228.72,2.333,14.73,-17.47,3
1029.55,92.66,230.2,2.353,16.91,-15.88,3
1029.6,94.4,230.39,2.313,16.91,-15.76,3
1029.65,86.97,229.2,2.358,15.75,-16.14,3
1029.7,85.46,225.31,2.347,11.34,-15.43,3
1029.75,86.09,237.36,2.33,12.32,-14.67,3
1029.8,92.2,222.49,2.363,12.79,-16.65,3
1029.85,89.89,233.74,2.362,9.11,-16.69,3
1029.9,94.41,228.88,2.346,15.62,-17.63,3
1029.95,90.07,228.41,2.304,14.38,-15.35,3
1030.0,88.28,232.24,2.382,11.46,-15.7,3
1030.05,90.92,228.73,2.382,15.68,-16.31,3
1030.1,82.35,225.05,2.342,14.64,-17.9,3
1030.15,98.48,232.47,2.314,10.07,-19.34,4
1030.2,95.56,248.48,2.306,12.39,-18.23,4
1030.25,98.52,238.54,2.327,12.74,-18.26,4
1030.3,99.89,238.68,2.329,8.24,-17.74,4
1030.35,101.05,245.12,2.245,11.16,-18.17,4
1030.4,101.05,239.57,2.319,14.54,-17.81,4
1030.45,95.65,233.94,2.332,11.1,-18.25,4
1030.5,100.68,239.62,2.297,10.47,-18.44,4
1030.55,95.93,238.37,2.279,12.2,-18.12,4
1030.6,98.3,243.09,2.291,8.43,-18.79,4
1030.65,100.12,241.33,2.283,10.81,-18.58,4
1030.7,101.35,234.97,2.289,12.03,-17.58,4
1030.75,100.81,236.49,2.287,8.07,-18.75,4
1030.8,97.71,230.34,2.313,9.51,-18.1,4
1030.85,100.89,242.68,2.297,10.61,-18.25,4
1030.9,102.58,241.03,2.292,8.15,-17.61,4
1030.95,102.42,244.74,2.277,10.9,-16.91,4
1031.0,102.96,243.05,2.282,14.44,-15.49,4
1031.05,99.33,240.6,2.296,11.85,-17.77,4
1031.1,100.94,241.63,2.319,16.88,-14.63,4
1031.15,102.1,242.87,2.323,12.07,-17.38,4
1031.2,102.19,247.7,2.296,11.41,-17.51,4
1031.25,98.99,233.54,2.303,10.56,-18.23,4
1031.3,98.46,235.07,2.329,15.0,-17.11,4
1031.35,102.16,232.24,2.298,13.58,-14.65,4
1031.4,101.72,240.83,2.299,9.14,-16.82,4
1031.45,96.08,244.65,2.297,11.19,-19.4,4
1031.5,101.12,243.23,2.302,15.27,-17.99,4
1031.55,97.67,238.01,2.27,12.16,-18.65,4
1031.6,99.57,240.35,2.289,11.4,-17.15,4
1031.65,100.22,240.37,2.323,12.16,-17.58,4
1031.7,103.33,246.77,2.285,11.78,-17.64,4
1031.75,107.37,245.96,2.261,9.0,-20.93,5
1031.8,106.13,247.24,2.244,10.83,-20.46,5
1031.85,114.82,247.65,2.264,13.62,-19.21,5
1031.9,108.75,247.95,2.247,9.67,-19.8,5
1031.95,112.06,246.26,2.238,9.11,-20.31,5
1032.0,110.09,247.85,2.239,11.39,-19.23,5
1032.05,107.74,257.43,2.241,10.02,-20.13,5
1032.1,109.35,251.14,2.236,14.17,-19.74,5
1032.15,110.71,247.4,2.276,9.0,-20.17,5
1032.2,110.24,250.73,2.243,10.12,-21.66,5
1032.25,111.11,255.07,2.257,10.81,-19.66,5
1032.3,111.31,244.27,2.237,10.16,-20.91,5
1032.35,110.07,248.65,2.246,9.9,-19.2,5
1032.4,110.7,251.56,2.222,12.85,-21.31,5
1032.45,112.18,244.92,2.239,10.79,-19.45,5
1032.5,110.38,244.46,2.256,10.28,-19.84,5
1032.55,111.58,253.65,2.266,9.18,-19.7,5
1032.6,113.36,251.14,2.265,10.82,-18.85,5
1032.65,108.76,248.16,2.262,9.04,-19.55,5
1032.7,109.92,245.93,2.248,15.59,-17.58,5
1032.75,107.32,254.66,2.269,4.53,-20.09,5
1032.8,112.85,249.58,2.238,11.36,-20.02,5
1032.85,109.7,250.9,2.221,8.1,-19.01,5
1032.9,114.34,249.17,2.253,9.53,-19.98,5
1032.95,110.9,252.66,2.245,11.78,-21.4,5
1033.0,114.61,243.96,2.24,7.72,-19.57,5
1033.05,109.26,254.87,2.282,9.7,-19.63,5
1033.1,107.59,249.92,2.23,10.03,-18.73,5
1033.15,110.78,250.5,2.234,8.09,-19.5,5
1033.2,119.43,249.13,2.237,7.07,-20.06,5
1033.25,109.12,253.52,2.246,8.53,-20.24,5
1033.3,112.05,253.0,2.262,7.17,-20.0,5
1033.35,112.53,250.49,2.253,7.88,-19.94,5
1033.4,105.93,243.82,2.23,8.67,-19.63,5
1033.45,109.05,252.42,2.224,11.73,-20.91,5
1033.5,107.67,246.19,2.263,9.04,-20.93,5
1033.55,107.94,257.11,2.235,11.35,-20.53,5
1033.6,110.75,253.38,2.207,9.43,-20.5,5
1033.65,114.49,244.75,2.25,13.7,-19.18,5
1033.7,102.91,251.43,2.243,12.69,-18.79,5
1033.75,111.61,253.84,2.259,11.66,-21.39,5
1033.8,114.43,249.71,2.273,13.11,-20.4,5
1033.85,106.5,252.68,2.25,11.74,-19.88,5
1033.9,110.21,250.57,2.269,8.41,-19.32,5
1033.95,112.18,252.99,2.264,11.64,-20.86,5
1034.0,112.64,249.66,2.297,13.39,-21.23,5
1034.05,108.66,254.72,2.259,10.51,-19.08,5
1034.1,111.05,256.25,2.261,10.4,-20.29,5
1034.15,108.15,246.34,2.237,8.19,-20.24,5
1034.2,111.86,253.3,2.292,15.9,-20.09,5
1034.25,108.48,248.61,2.249,8.41,-21.62,5
1034.3,114.56,249.25,2.262,7.87,-20.64,5
1034.35,103.65,244.95,2.253,10.21,-18.71,5
1034.4,110.03,246.39,2.244,9.28,-21.22,5
1034.45,109.32,253.02,2.254,8.89,-19.33,5
1034.5,112.73,248.76,2.226,6.7,-20.14,5
1034.55,114.12,246.99,2.237,9.12,-18.39,5
1034.6,58.82,210.07,2.487,19.51,-9.88,0
1034.65,65.42,199.24,2.494,21.0,-9.78,0
1034.7,55.05,196.46,2.478,19.57,-11.56,0
1034.75,54.76,200.82,2.496,21.38,-8.5,0
1034.8,58.92,205.62,2.515,17.88,-11.38,0
1034.85,60.38,198.2,2.496,18.83,-8.55,0
1034.9,59.2,199.76,2.488,20.08,-9.4,0
1034.95,65.87,197.69,2.469,19.94,-8.05,0
1035.0,55.75,207.97,2.537,18.9,-7.62,0
1035.05,61.69,199.24,2.487,19.93,-9.59,0
1035.1,60.01,201.21,2.5,19.95,-10.01,0
1035.15,59.89,203.7,2.463,19.67,-9.17,0
1035.2,61.9,200.17,2.512,15.79,-9.04,0
1035.25,62.27,201.41,2.448,18.98,-9.15,0
1035.3,63.4,203.34,2.506,20.71,-10.89,0
1035.35,65.31,196.73,2.477,18.19,-10.19,0
1035.4,55.5,197.21,2.5,21.58,-8.3,0
1035.45,58.19,201.96,2.487,20.59,-10.22,0
1035.5,62.82,210.24,2.519,22.9,-10.71,0
1035.55,61.21,203.9,2.52,16.64,-9.39,0
1035.6,59.09,200.7,2.519,22.08,-9.47,0
1035.65,58.6,199.27,2.487,20.01,-10.93,0
1035.7,57.24,208.46,2.507,17.14,-9.3,0
1035.75,59.75,196.29,2.474,20.72,-7.97,0
1035.8,60.75,194.05,2.498,19.52,-11.02,0
1035.85,64.27,199.15,2.522,16.17,-10.12,0
1035.9,60.48,201.87,2.507,22.59,-8.67,0
1035.95,63.18,197.2,2.48,21.32,-10.22,0
1036.0,56.35,198.59,2.5,21.86,-11.22,0
1036.05,59.19,198.46,2.498,21.75,-10.48,0
1036.1,77.19,217.25,2.358,14.95,-12.77,2
1036.15,81.0,218.53,2.378,17.11,-14.78,2
1036.2,84.11,226.69,2.414,16.09,-14.45,2
1036.25,83.0,226.49,2.418,14.32,-14.53,2
1036.3,82.76,213.29,2.392,17.97,-14.04,2
1036.35,76.26,220.32,2.377,14.7,-13.36,2
1036.4,77.58,215.19,2.379,17.3,-13.85,2
1036.45,80.14,219.19,2.401,17.13,-15.4,2
1036.5,74.3,220.62,2.403,16.4,-14.34,2
1036.55,79.98,225.6,2.41,18.04,-13.29,2
1036.6,75.31,219.76,2.398,16.75,-14.48,2
1036.65,81.6,224.73,2.394,17.55,-15.02,2
1036.7,78.01,216.3,2.404,14.82,-13.08,2
1036.75,79.33,213.4,2.407,14.29,-13.46,2
1036.8,82.27,230.67,2.375,14.86,-12.51,2
1036.85,76.84,218.84,2.409,15.96,-14.83,2
1036.9,77.49,215.85,2.357,16.24,-15.14,2
1036.95,79.05,217.05,2.406,16.55,-14.75,2
1037.0,84.13,226.41,2.418,17.09,-14.53,2
1037.05,77.15,219.79,2.373,14.29,-14.11,2
1037.1,85.7,219.58,2.399,16.51,-15.24,2
1037.15,82.06,222.36,2.407,12.72,-13.78,2
1037.2,79.63,226.31,2.396,18.6,-12.07,2
1037.25,77.23,220.62,2.413,14.27,-13.16,2
1037.3,77.42,220.46,2.396,14.12,-13.61,2
1037.35,76.84,220.2,2.384,16.74,-11.94,2
1037.4,79.8,217.42,2.369,18.48,-14.38,2
1037.45,78.35,220.02,2.371,13.7,-13.92,2
1037.5,81.95,216.79,2.389,13.25,-13.62,2
1037.55,76.23,214.73,2.427,16.0,-15.13,2
1037.6,78.2,215.73,2.359,13.59,-12.2,2
1037.65,74.08,218.05,2.417,17.69,-13.89,2
1037.7,79.3,223.18,2.363,19.44,-13.96,2
1037.75,78.71,220.84,2.458,13.31,-13.52,2
1037.8,79.63,221.42,2.386,11.63,-12.1,2
1037.85,78.82,222.55,2.377,19.71,-13.74,2
1037.9,78.21,221.31,2.4,16.99,-13.16,2
1037.95,81.45,213.54,2.398,15.09,-14.22,2
1038.0,82.25,221.53,2.414,15.44,-13.27,2
1038.05,80.34,220.25,2.427,15.98,-13.53,2
1038.1,79.28,221.55,2.426,17.96,-13.18,2
1038.15,75.27,221.43,2.42,17.9,-14.64,2
1038.2,80.06,220.21,2.386,15.73,-14.44,2
1038.25,90.74,227.85,2.333,15.87,-17.22,3
1038.3,88.15,230.92,2.32,14.55,-14.97,3
1038.35,86.18,231.6,2.36,12.36,-15.64,3
1038.4,93.56,230.07,2.362,11.19,-16.26,3
1038.45,90.12,226.6,2.365,16.58,-15.48,3
1038.5,92.66,229.31,2.339,13.88,-15.24,3
1038.55,92.73,230.72,2.359,12.35,-14.53,3
1038.6,91.27,232.38,2.336,13.05,-15.92,3
1038.65,87.3,231.91,2.315,15.25,-16.76,3
1038.7,91.34,226.5,2.37,14.56,-15.93,3
1038.75,82.57,226.9,2.301,8.99,-15.12,3
1038.8,89.42,223.96,2.346,13.16,-16.52,3
1038.85,94.21,230.88,2.342,13.63,-15.65,3
1038.9,88.54,233.56,2.359,13.99,-16.08,3
1038.95,93.83,228.43,2.343,15.65,-15.6,3
1039.0,87.74,242.09,2.349,13.99,-15.61,3
1039.05,111.67,255.71,2.229,9.85,-17.71,5
1039.1,109.99,249.9,2.256,9.78,-19.37,5
1039.15,110.39,248.8,2.25,8.99,-19.47,5
1039.2,103.71,249.07,2.255,10.54,-21.38,5
1039.25,104.54,251.8,2.231,8.52,-20.3,5
1039.3,108.13,246.26,2.27,12.13,-19.99,5
1039.35,110.37,256.18,2.263,11.69,-19.71,5
1039.4,114.67,248.55,2.237,10.04,-19.85,5
1039.45,113.71,249.85,2.231,12.65,-20.92,5
1039.5,115.61,252.01,2.222,8.57,-18.58,5
1039.55,110.77,249.3,2.245,10.78,-19.77,5
1039.6,113.31,253.99,2.261,8.17,-20.82,5
1039.65,109.33,250.94,2.236,9.81,-21.27,5
1039.7,111.86,255.55,2.274,9.1,-18.61,5
1039.75,112.03,250.97,2.236,7.23,-22.26,5
1039.8,113.62,251.66,2.285,14.39,-20.05,5
1039.85,111.39,255.26,2.219,6.97,-19.25,5
1039.9,105.64,252.9,2.237,10.74,-20.37,5
1039.95,109.79,246.98,2.223,6.34,-20.37,5
1040.0,106.4,250.24,2.23,12.59,-20.56,5
1040.05,112.29,249.62,2.23,13.18,-19.74,5
1040.1,110.83,259.76,2.267,10.99,-20.67,5
1040.15,112.4,254.52,2.294,10.48,-18.87,5
1040.2,104.53,251.05,2.238,9.73,-19.77,5
1040.25,110.44,242.7,2.22,15.04,-19.59,5
1040.3,104.8,255.6,2.277,10.52,-21.36,5
1040.35,115.58,245.33,2.25,6.31,-19.58,5
1040.4,106.57,250.62,2.27,10.14,-19.25,5
1040.45,109.29,246.55,2.278,8.23,-19.41,5
1040.5,111.4,247.64,2.266,7.38,-20.89,5
1040.55,107.31,252.47,2.242,12.43,-19.87,5
1040.6,113.5,244.0,2.253,6.87,-22.61,5
1040.65,110.99,255.13,2.243,10.98,-20.55,5
1040.7,105.62,248.88,2.238,11.27,-18.58,5
1040.75,108.71,244.37,2.215,10.78,-18.72,5
1040.8,107.11,249.24,2.245,7.88,-18.46,5
1040.85,111.38,249.45,2.264,10.87,-20.13,5
1040.9,108.77,250.24,2.238,12.45,-19.41,5
1040.95,107.24,252.19,2.238,12.84,-18.87,5
1041.0,82.83,217.96,2.456,14.92,-12.71,2
1041.05,79.18,231.89,2.379,16.54,-14.6,2
1041.1,77.48,219.61,2.404,15.79,-14.46,2
1041.15,82.9,210.53,2.412,14.87,-14.86,2
1041.2,83.57,216.12,2.404,14.8,-13.99,2
1041.25,81.87,222.56,2.408,18.96,-12.95,2
1041.3,81.21,211.11,2.356,17.6,-12.86,2
1041.35,84.0,219.04,2.432,17.11,-13.39,2
1041.4,83.24,223.6,2.35,17.86,-12.35,2
1041.45,76.1,222.22,2.368,20.13,-12.25,2
1041.5,76.78,224.75,2.414,14.66,-14.85,2
1041.55,81.51,218.3,2.424,16.87,-14.92,2
1041.6,82.23,217.95,2.349,15.32,-15.07,2
1041.65,124.32,263.04,2.225,5.88,-20.73,6
1041.7,124.81,254.3,2.184,12.69,-22.33,6
1041.75,119.07,260.85,2.219,6.44,-23.03,6
1041.8,116.88,259.53,2.18,9.84,-20.95,6
1041.85,120.26,269.01,2.203,8.75,-22.84,6
1041.9,119.29,262.47,2.195,7.13,-22.73,6
1041.95,122.92,257.03,2.206,3.92,-21.04,6
1042.0,120.91,263.53,2.235,7.07,-22.04,6
1042.05,115.49,258.08,2.19,11.48,-24.37,6
1042.1,122.17,262.27,2.169,10.58,-21.92,6
1042.15,122.98,261.87,2.202,5.79,-22.84,6
1042.2,118.15,256.6,2.21,4.12,-22.77,6
1042.25,116.31,259.51,2.161,9.37,-20.31,6
1042.3,119.16,261.75,2.221,6.55,-22.17,6
1042.35,122.39,260.39,2.211,6.31,-21.93,6
1042.4,118.29,252.75,2.177,9.66,-22.31,6
1042.45,117.63,259.79,2.176,9.4,-22.86,6
1042.5,114.43,255.36,2.216,8.91,-22.31,6
1042.55,118.89,257.53,2.186,7.68,-23.15,6
1042.6,118.41,258.15,2.164,7.56,-22.06,6
1042.65,120.73,261.83,2.211,8.35,-22.37,6
1042.7,121.71,259.56,2.189,5.95,-21.53,6
1042.75,121.12,254.06,2.204,6.39,-20.68,6
1042.8,125.0,256.16,2.177,11.33,-21.58,6
1042.85,115.47,265.19,2.192,8.99,-19.18,6
1042.9,117.69,255.83,2.205,9.52,-21.66,6
1042.95,119.48,261.74,2.184,8.02,-23.83,6
1043.0,119.51,259.15,2.193,8.07,-23.15,6
1043.05,123.55,260.16,2.23,8.4,-22.38,6
1043.1,114.73,263.91,2.198,9.7,-22.81,6
1043.15,121.67,257.36,2.208,7.81,-22.63,6
1043.2,115.82,256.14,2.192,7.76,-19.49,6
1043.25,111.86,244.4,2.269,5.17,-18.33,5
1043.3,110.06,242.76,2.209,14.57,-19.51,5
1043.35,107.45,253.39,2.26,12.46,-21.68,5
1043.4,111.38,248.81,2.262,9.7,-20.23,5
1043.45,110.02,250.06,2.247,5.91,-20.46,5
1043.5,108.98,248.42,2.231,11.05,-18.16,5
1043.55,106.63,247.75,2.243,14.08,-20.23,5
1043.6,107.01,249.02,2.248,8.41,-19.96,5
1043.65,109.4,248.33,2.268,9.94,-21.79,5
1043.7,109.22,251.53,2.23,11.56,-20.14,5
1043.75,110.96,245.55,2.278,14.74,-18.42,5
1043.8,108.4,251.25,2.259,14.07,-20.39,5
1043.85,111.23,243.89,2.258,8.77,-20.21,5
1043.9,113.21,249.19,2.264,12.25,-19.12,5
1043.95,113.01,248.66,2.276,9.29,-19.92,5
1044.0,107.38,244.11,2.257,7.69,-20.23,5
1044.05,112.49,245.45,2.229,12.26,-21.27,5
1044.1,115.44,252.86,2.21,13.26,-19.96,5
1044.15,109.96,253.27,2.222,9.17,-20.61,5
1044.2,110.42,245.37,2.244,9.11,-20.47,5
1044.25,112.91,244.92,2.277,10.69,-22.08,5
1044.3,111.04,257.04,2.266,9.21,-20.04,5
1044.35,108.33,249.37,2.276,11.14,-19.62,5
1044.4,113.06,250.61,2.253,11.7,-21.15,5
1044.45,110.25,250.58,2.262,8.54,-20.82,5
1044.5,111.32,248.87,2.265,11.93,-21.34,5
1044.55,110.29,247.42,2.248,5.5,-18.95,5
1044.6,109.91,250.24,2.227,10.33,-20.44,5
1044.65,111.95,251.77,2.261,8.85,-19.08,5
1044.7,109.07,250.3,2.241,6.41,-19.25,5
1044.75,112.28,240.16,2.246,5.56,-20.52,5
1044.8,104.55,245.93,2.239,10.3,-19.57,5
1044.85,106.64,256.26,2.205,9.38,-20.93,5
1044.9,108.68,254.55,2.231,8.45,-19.61,5
1044.95,82.17,224.87,2.426,17.31,-13.22,2
1045.0,80.53,219.57,2.406,14.32,-12.59,2
1045.05,80.62,221.46,2.391,18.36,-14.91,2
1045.1,87.28,224.9,2.395,15.62,-13.68,2
1045.15,76.81,219.8,2.402,14.91,-14.56,2
1045.2,80.01,223.87,2.387,16.89,-12.02,2
1045.25,79.85,215.58,2.401,17.29,-15.2,2
1045.3,76.14,219.13,2.4,15.31,-13.62,2
1045.35,81.8,227.48,2.374,14.46,-14.22,2
1045.4,79.0,217.6,2.415,13.99,-15.56,2
1045.45,84.3,212.19,2.406,13.04,-13.01,2
1045.5,82.63,218.0,2.39,16.22,-14.87,2
1045.55,76.42,219.15,2.394,18.39,-13.05,2
1045.6,75.57,217.74,2.367,16.82,-13.32,2
1045.65,75.14,218.38,2.393,16.66,-13.1,2
1045.7,80.73,217.89,2.403,17.05,-13.07,2
1045.75,78.58,221.66,2.398,16.89,-12.72,2
1045.8,76.47,220.38,2.421,13.15,-15.9,2
1045.85,81.04,219.04,2.433,14.07,-13.58,2
1045.9,82.75,217.01,2.372,16.61,-13.51,2
1045.95,79.24,224.17,2.402,15.02,-14.72,2
1046.0,77.79,216.41,2.411,18.25,-14.3,2
1046.05,77.64,215.49,2.399,13.72,-14.85,2
1046.1,78.93,221.45,2.432,15.44,-15.49,2
1046.15,82.5,215.8,2.398,17.96,-12.01,2
1046.2,79.86,218.73,2.399,19.2,-13.67,2
1046.25,81.15,214.34,2.41,15.68,-12.78,2
1046.3,78.49,223.35,2.426,16.0,-13.15,2
1046.35,75.21,220.11,2.388,12.93,-13.94,2
1046.4,84.01,216.08,2.406,17.42,-14.11,2
1046.45,81.97,221.81,2.411,17.67,-12.64,2
1046.5,83.18,225.12,2.442,15.64,-13.52,2
1046.55,80.79,219.38,2.448,16.6,-13.61,2
1046.6,80.46,220.3,2.418,19.43,-11.9,2
1046.65,79.9,219.88,2.381,14.07,-13.99,2
1046.7,77.18,214.89,2.407,13.58,-13.2,2
1046.75,80.26,227.72,2.381,11.98,-14.1,2
1046.8,77.54,213.46,2.378,15.26,-13.84,2
1046.85,79.93,226.01,2.403,16.01,-13.94,2
1046.9,80.56,219.11,2.381,15.65,-12.95,2
1046.95,84.52,218.51,2.425,16.29,-14.51,2
1047.0,76.54,225.45,2.402,18.38,-14.36,2
1047.05,102.58,238.19,2.299,7.73,-17.22,4
1047.1,99.16,236.62,2.297,9.89,-16.51,4
1047.15,109.94,241.17,2.295,9.07,-16.01,4
1047.2,103.58,245.24,2.297,13.28,-17.25,4
1047.25,102.41,241.32,2.312,16.8,-17.99,4
1047.3,101.99,239.18,2.306,10.09,-15.64,4
1047.35,98.96,242.43,2.296,11.37,-17.85,4
1047.4,98.57,242.88,2.297,11.45,-19.52,4
1047.45,95.52,245.31,2.308,12.91,-18.37,4
1047.5,99.95,242.38,2.332,9.92,-20.56,4
1047.55,96.4,240.52,2.27,12.78,-18.37,4
1047.6,96.18,236.6,2.283,10.43,-16.05,4
1047.65,58.95,199.58,2.481,18.87,-9.72,0
1047.7,53.22,192.07,2.541,23.68,-9.01,0
1047.75,60.16,195.22,2.505,17.59,-10.63,0
1047.8,61.4,206.06,2.489,19.11,-9.3,0
1047.85,62.04,201.82,2.541,20.95,-10.93,0
1047.9,57.11,202.11,2.502,20.96,-9.71,0
1047.95,56.19,194.89,2.526,22.26,-10.86,0
1048.0,58.58,200.73,2.509,21.25,-10.01,0
1048.05,58.72,198.75,2.484,20.51,-11.08,0
1048.1,59.47,203.52,2.516,18.29,-11.23,0
1048.15,60.64,202.05,2.466,20.61,-10.61,0
1048.2,57.22,198.44,2.503,19.4,-9.98,0
1048.25,61.77,204.23,2.542,21.42,-9.87,0
1048.3,60.1,202.0,2.498,21.13,-11.31,0
1048.35,57.62,203.97,2.471,19.37,-11.22,0
1048.4,60.41,198.95,2.491,20.05,-10.0,0
1048.45,57.33,196.26,2.501,18.88,-10.06,0
1048.5,58.29,201.49,2.497,20.98,-9.64,0
1048.55,62.58,197.11,2.479,17.78,-11.44,0
1048.6,60.19,204.78,2.517,17.97,-10.84,0
1048.65,57.89,204.38,2.457,20.58,-10.75,0
1048.7,62.4,195.25,2.495,20.41,-11.69,0
1048.75,59.45,200.57,2.513,18.41,-7.45,0
1048.8,56.85,201.04,2.495,17.71,-9.35,0
1048.85,62.05,194.91,2.47,18.89,-8.48,0
1048.9,62.31,198.53,2.543,20.89,-8.41,0
1048.95,54.82,195.04,2.491,20.75,-12.9,0
1049.0,59.25,191.14,2.52,17.18,-10.55,0
1049.05,58.74,195.42,2.477,17.89,-8.41,0
1049.1,54.37,201.63,2.525,18.68,-8.35,0
1049.15,59.08,197.7,2.499,17.28,-10.61,0
1049.2,57.17,188.65,2.509,22.18,-12.05,0
1049.25,79.81,225.46,2.371,14.04,-13.48,2
1049.3,83.29,217.47,2.383,11.35,-14.46,2
1049.35,78.32,217.06,2.404,15.3,-12.82,2
1049.4,79.08,214.99,2.42,16.94,-14.14,2
1049.45,77.81,218.82,2.444,16.18,-14.85,2
1049.5,77.18,218.28,2.368,15.96,-13.31,2
1049.55,75.16,218.71,2.418,14.81,-12.92,2
1049.6,82.15,216.28,2.397,16.99,-13.26,2
1049.65,79.51,216.47,2.368,16.83,-14.33,2
1049.7,80.75,225.97,2.412,14.92,-12.79,2
1049.75,80.53,220.06,2.407,17.54,-15.52,2
1049.8,80.45,215.68,2.393,14.55,-14.86,2
1049.85,83.71,215.47,2.387,19.21,-13.75,2
1049.9,74.67,224.13,2.412,15.03,-13.63,2
1049.95,110.35,247.06,2.269,10.19,-20.17,5
